row,pot,mass,ber,eaten,mold,unsure,date,sug_1,sug_2
D,2,289.20,N,N,N,N,28-Oct,4.9,5.2
D,6,276.60,N,N,N,N,28-Oct,5.5,5.2
D,4,247.50,N,N,Y,N,14-Nov,5.4,5.6
D,6,246.30,N,N,N,Y,14-Nov,4.9,5.5
D,4,243.60,N,N,N,N,3-Nov,5.8,5.8
D,4,238.70,N,N,N,N,10-Nov,5.3,5.1
D,2,231.80,N,N,N,N,8-Nov,4.9,4.3
D,2,231.00,N,N,N,N,8-Nov,4.8,4.7
D,8,229.30,N,N,N,N,28-Oct,6.7,5.7
D,8,227.20,N,N,N,N,24-Oct,5.5,6
D,4,225.70,N,N,N,N,3-Nov,6.6,6.2
D,4,225.20,N,N,N,N,1-Nov,5.4,6
D,4,219.40,N,N,N,N,14-Nov,5.3,6.4
D,2,214.30,N,N,N,N,8-Nov,4.7,4.3
D,4,214.00,N,N,N,N,7-Nov,5.7,5.8
D,8,211.70,N,N,N,N,14-Nov,6.9,7.6
D,6,211.60,N,N,Y,N,11-Nov,6.4,6.2
D,6,211.20,N,N,N,N,10-Nov,4.3,3.8
D,6,210.90,N,N,N,N,14-Nov,4.8,4
D,1,209.30,N,N,N,N,4-Nov,6.1,6.1
D,2,207.60,N,N,N,N,4-Nov,5.5,5.1
D,8,206.70,N,N,N,N,24-Oct,6.1,6
D,8,204.50,N,N,N,N,3-Nov,6.9,6.8
D,8,203.00,N,N,N,N,14-Nov,5.3,4.2
D,2,202.40,N,N,N,N,26-Nov,5.3,5.7
D,8,198.80,N,N,N,N,1-Nov,6.9,7.3
D,6,197.00,N,N,N,N,2-Dec,6.2,6.3
D,4,196.40,N,N,N,N,18-Nov,7.2,7.4
D,8,195.60,N,N,N,N,1-Nov,6.7,6.4
D,4,195.00,N,N,N,N,4-Nov,6,5.7
D,4,194.60,N,N,N,N,4-Nov,7.1,6.3
D,8,190.90,N,N,N,N,1-Nov,5.7,6.5
D,6,186.20,N,N,N,N,15-Dec,,
D,6,186.00,N,N,N,N,14-Nov,3.5,3.4
D,6,184.50,N,N,N,N,29-Nov,6.1,6.2
D,2,182.30,N,N,N,N,10-Nov,3.9,3.9
D,6,182.20,N,N,N,N,8-Nov,5.4,5
D,7,179.40,N,N,N,N,7-Nov,6,6.3
D,2,172.70,N,N,N,N,10-Nov,3.9,4.2
D,8,172.20,N,N,N,N,3-Nov,5.8,5.5
D,2,171.40,N,N,N,N,11-Nov,5.2,4.7
D,2,170.20,N,N,N,N,14-Nov,5.2,5.7
D,2,169.30,N,N,N,N,10-Nov,3.8,3.6
D,6,168.20,N,N,N,N,10-Dec,,
D,6,166.60,N,N,N,N,25-Dec,,
D,6,166.10,N,N,N,N,14-Nov,3.6,3.2
D,4,165.50,N,N,N,N,1-Nov,5.5,5.3
D,8,165.40,N,N,N,N,11-Nov,6.7,6.6
D,8,163.40,N,N,N,N,14-Nov,5.3,5.3
D,6,162.30,N,N,Y,N,5-Dec,,
D,3,161.60,Y,N,N,N,20-Oct,,
D,1,159.10,N,N,N,N,29-Nov,6.7,6.3
D,6,158.80,N,N,Y,N,8-Nov,5.1,3.8
D,2,158.50,N,N,N,N,30-Nov,5.3,5.1
D,6,156.90,N,N,N,N,14-Nov,4.3,4.2
D,4,155.00,N,N,N,N,7-Nov,5.9,6.1
D,8,153.00,N,N,N,N,2-Dec,7.2,7.1
D,2,152.40,N,N,N,N,26-Nov,5.3,5.6
D,8,149.60,N,N,N,N,11-Nov,7.5,6.7
D,2,149.50,N,N,N,N,4-Nov,5,5.1
D,2,148.80,N,N,N,N,15-Dec,,
D,8,148.30,N,N,N,N,15-Dec,,
D,4,147.30,N,N,Y,N,2-Dec,7.5,7.2
D,5,146.70,Y,N,N,N,15-Dec,,
D,3,145.90,N,N,Y,N,18-Nov,6.2,6.2
D,2,144.60,N,N,N,N,28-Dec,,
D,4,143.80,N,N,N,N,14-Nov,4.8,5.1
D,8,143.40,N,N,N,N,8-Nov,6.1,5
D,8,140.80,N,N,N,N,1-Nov,6.8,6.6
D,1,140.30,N,N,N,N,3-Nov,8.5,8
D,8,140.20,N,N,N,N,7-Nov,7.1,6.9
D,7,139.40,N,N,N,N,14-Nov,5.7,5.9
D,4,139.10,N,N,N,N,29-Nov,7.5,7.5
D,2,137.60,N,N,N,N,25-Dec,,
D,5,137.50,N,N,N,N,3-Nov,7.8,7.6
D,2,136.90,N,N,N,N,14-Nov,5.6,5.1
D,2,136.30,N,N,N,N,11-Nov,6,6.3
D,6,135.70,N,N,N,N,14-Nov,6.2,6.5
D,4,135.10,Y,N,N,N,2-Dec,,
D,2,134.30,N,N,N,N,15-Dec,,
D,6,133.80,N,N,N,N,10-Dec,,
D,7,133.30,N,N,Y,N,10-Dec,,
D,2,133.10,N,N,N,N,30-Nov,5.8,5.6
D,7,132.80,N,N,N,N,3-Nov,6.2,6.8
D,8,132.40,N,N,N,N,3-Nov,6.3,6.3
D,2,131.30,N,N,N,N,26-Nov,6.2,5.8
D,2,131.10,N,N,N,N,7-Nov,5.1,5.1
D,6,130.10,N,N,Y,N,25-Dec,,
D,4,127.80,N,N,N,N,15-Dec,,
D,6,127.40,N,N,N,N,25-Dec,,
D,6,127.30,N,N,N,N,26-Nov,6.9,6.2
D,2,126.60,N,N,Y,N,10-Dec,,
D,8,126.20,N,N,N,N,3-Nov,6.5,6.4
D,7,126.20,N,N,N,N,8-Nov,6.3,5.8
D,8,125.20,N,N,N,N,14-Nov,7.7,7.5
D,7,124.70,N,N,N,N,8-Nov,6.3,5.7
D,4,123.50,N,N,N,N,8-Dec,,
D,6,123.50,N,N,N,N,25-Dec,,
D,6,122.60,N,N,N,N,25-Dec,,
D,5,121.80,N,N,N,N,25-Dec,,
D,4,121.80,N,N,N,N,25-Dec,,
D,8,119.20,N,N,N,N,25-Dec,,
D,8,119.10,Y,N,N,N,18-Nov,,
D,4,118.60,N,N,N,N,25-Dec,,
D,8,118.40,N,N,N,N,7-Nov,6.3,6.2
D,8,118.10,Y,N,N,N,15-Dec,,
D,2,117.90,N,N,N,N,7-Nov,4.9,5.1
D,5,116.70,N,N,N,N,14-Nov,8.4,7.5
D,2,115.30,N,N,N,N,15-Dec,,
D,6,114.10,N,N,N,N,25-Dec,,
D,2,113.70,N,N,N,N,25-Dec,,
D,2,113.60,N,N,N,N,28-Dec,,
D,2,113.10,N,N,N,N,15-Dec,,
D,2,112.90,N,N,N,N,15-Dec,,
D,1,112.40,Y,N,N,N,24-Oct,,
D,2,112.00,N,N,N,N,8-Dec,,
D,2,111.80,N,N,N,N,25-Dec,,
D,1,111.70,N,N,N,N,28-Dec,,
D,5,111.50,N,N,N,N,8-Nov,8.1,6.9
D,3,111.20,N,N,N,N,14-Nov,6.1,6.1
D,7,111.10,N,N,N,N,25-Dec,,
D,1,109.40,N,N,N,N,25-Dec,,
D,4,109.30,N,N,N,N,11-Nov,5.9,6
D,2,109.00,N,N,N,N,25-Dec,,
D,5,108.80,Y,N,N,N,10-Dec,,
D,6,108.70,N,N,N,N,29-Nov,7.7,7.6
D,8,108.70,Y,N,N,N,10-Dec,,
D,8,108.50,N,N,N,N,10-Dec,,
D,7,108.40,N,N,N,N,10-Nov,6,6.3
D,5,108.40,N,N,N,N,14-Nov,7,7
D,7,107.80,N,N,N,N,14-Nov,6.8,6.9
D,6,107.80,N,N,N,N,25-Dec,,
D,3,107.70,N,N,N,N,4-Nov,6.7,6.5
D,8,107.20,N,N,N,N,25-Dec,,
D,4,107.10,Y,N,Y,N,15-Dec,,
D,1,106.50,N,N,N,N,25-Dec,,
D,7,106.10,Y,N,N,N,20-Oct,,
D,4,105.80,N,N,N,N,15-Dec,,
D,7,105.60,N,N,N,N,14-Nov,6.2,6.5
D,1,104.80,N,N,N,N,7-Nov,7.8,7.6
D,1,104.50,Y,N,N,N,24-Oct,,
D,4,103.50,N,N,N,N,30-Nov,7.6,6.4
D,4,103.50,N,N,Y,N,25-Dec,,
D,6,103.40,N,N,N,N,25-Dec,,
D,5,102.80,Y,N,N,N,20-Oct,,
D,8,102.50,Y,N,N,N,2-Dec,,
D,1,102.10,N,N,N,N,15-Dec,,
D,4,101.80,N,Y,Y,N,5-Dec,,
D,3,101.50,N,N,N,N,8-Nov,7.1,6.9
D,2,100.70,N,N,N,N,25-Dec,,
D,8,99.50,N,N,N,N,30-Nov,8.4,7.3
D,4,99.40,Y,N,N,N,10-Dec,,
D,8,99.00,Y,N,N,N,15-Dec,,
D,2,98.90,N,N,N,N,25-Dec,,
D,8,98.70,N,N,N,N,15-Dec,,
D,1,98.40,N,N,N,N,25-Dec,,
D,8,98.20,N,N,N,N,25-Dec,,
D,8,97.50,N,N,N,N,8-Dec,,
D,8,96.90,N,N,N,N,25-Dec,,
D,8,96.50,N,N,N,N,14-Nov,5.8,6.1
D,8,96.40,N,N,N,N,30-Nov,7.2,6.9
D,7,96.20,N,N,N,N,25-Dec,,
D,5,95.70,Y,N,N,N,18-Nov,,
D,1,95.50,Y,N,N,Y,20-Oct,,
D,4,95.00,N,N,N,N,25-Dec,,
D,4,93.40,N,N,N,N,8-Dec,,
D,3,92.50,N,N,N,N,10-Nov,5.4,4.9
D,7,92.00,N,N,Y,N,26-Nov,6.7,7
D,5,90.90,N,N,N,Y,14-Nov,3.9,6.2
D,7,90.90,N,N,N,N,25-Dec,,
D,2,90.80,Y,N,N,N,4-Nov,,
D,5,90.80,N,N,N,N,8-Nov,8.4,8.8
D,7,90.80,Y,N,N,N,18-Nov,,
D,1,90.40,N,N,N,N,3-Nov,7.2,7.6
D,2,90.00,N,N,N,N,28-Dec,,
D,8,89.90,N,N,N,N,15-Dec,,
D,3,89.40,Y,N,N,N,24-Oct,,
D,8,89.00,N,N,N,N,25-Dec,,
D,1,88.80,N,N,N,N,25-Dec,,
D,6,88.50,N,N,N,N,8-Dec,,
D,2,88.50,N,N,N,N,25-Dec,,
D,4,88.10,N,N,N,N,28-Dec,,
D,8,87.30,Y,N,N,N,15-Dec,,
D,4,86.30,N,N,N,N,30-Nov,5.2,5.4
D,2,86.10,N,N,N,N,8-Nov,7.9,6.7
D,8,86.00,Y,N,N,N,2-Dec,,
D,1,85.70,Y,N,N,N,24-Oct,,
D,8,85.70,N,N,N,N,28-Dec,,
D,7,85.60,Y,N,N,N,25-Oct,,
D,8,85.60,N,N,N,N,28-Dec,,
D,3,85.40,Y,N,N,N,24-Oct,,
D,8,85.20,N,N,N,N,8-Dec,,
D,6,85.00,N,N,N,N,25-Dec,,
D,4,84.80,N,N,N,N,25-Dec,,
D,6,84.70,N,N,N,N,25-Dec,,
D,7,84.50,Y,N,N,N,28-Oct,,
D,8,84.40,N,N,N,N,5-Dec,,
D,3,84.20,N,N,N,N,30-Nov,4.9,4.1
D,4,83.90,N,N,N,N,25-Dec,,
D,8,83.20,Y,N,N,N,15-Dec,,
D,1,82.90,Y,N,N,N,20-Oct,,
D,1,82.90,Y,N,N,N,4-Nov,,
D,5,82.80,N,N,N,N,14-Nov,5.7,6
D,4,82.70,N,N,N,N,15-Dec,,
D,6,82.10,N,N,N,N,25-Dec,,
D,5,82.10,N,N,N,N,25-Dec,,
D,2,82.00,N,N,N,N,25-Dec,,
D,8,81.90,N,N,N,N,25-Dec,,
D,6,81.40,N,N,Y,N,25-Dec,,
D,4,81.40,N,N,N,N,25-Dec,,
D,8,81.30,y,N,N,N,18-Nov,,
D,4,81.20,N,N,N,N,25-Dec,,
D,4,80.90,Y,N,N,N,2-Dec,,
D,5,80.70,Y,N,N,N,28-Oct,,
D,8,80.70,N,N,N,N,25-Dec,,
D,1,80.70,N,N,N,N,25-Dec,,
D,5,79.30,N,N,N,N,25-Dec,,
D,8,78.90,N,N,N,N,25-Dec,,
D,5,78.80,N,N,N,N,25-Dec,,
D,1,78.40,N,N,N,N,25-Dec,,
D,5,78.20,N,N,N,N,25-Dec,,
D,6,77.30,N,N,N,N,15-Dec,,
D,5,77.20,Y,N,N,N,24-Oct,,
D,5,77.00,N,N,N,N,25-Dec,,
D,8,75.90,N,N,N,N,28-Dec,,
D,1,75.80,N,N,N,N,28-Dec,,
D,4,75.40,Y,N,N,N,18-Nov,,
D,5,75.00,Y,N,N,N,20-Oct,,
D,1,75.00,Y,N,N,N,20-Oct,,
D,5,74.80,Y,N,N,N,2-Dec,,
D,5,74.00,N,N,N,N,14-Nov,5.9,5.6
D,8,73.90,N,N,N,N,3-Nov,6.8,6.5
D,8,73.90,N,N,N,N,25-Dec,,
D,1,73.80,N,N,N,N,25-Dec,,
D,1,73.70,N,N,N,N,25-Dec,,
D,5,73.50,N,N,N,N,25-Dec,,
D,4,73.30,N,N,N,N,10-Nov,6.3,5.9
D,6,73.10,N,N,N,N,25-Dec,,
D,8,71.70,Y,N,N,N,2-Dec,,
D,2,71.60,N,N,N,N,8-Nov,7.5,7
D,8,71.20,N,N,N,N,8-Dec,,
D,1,71.00,Y,N,N,N,20-Oct,,
D,5,71.00,N,N,N,N,25-Dec,,
D,3,70.90,Y,N,N,N,28-Oct,,
D,8,70.80,N,N,N,N,25-Dec,,
D,3,70.50,N,N,Y,N,2-Dec,7.5,
D,5,70.50,N,N,N,N,15-Dec,,
D,6,70.20,N,N,N,N,26-Nov,6.1,6
D,3,70.10,Y,N,N,N,10-Nov,,
D,1,70.00,Y,N,N,N,20-Oct,,
D,5,70.00,N,N,Y,N,25-Dec,,
D,5,69.60,N,N,N,N,28-Dec,,
D,5,69.50,N,N,N,N,25-Dec,,
D,7,69.50,N,N,N,N,25-Dec,,
D,1,69.30,Y,N,N,N,15-Dec,,
D,2,69.20,N,N,N,N,25-Dec,,
D,2,69.00,N,N,N,N,25-Dec,,
D,6,68.70,N,N,N,N,25-Dec,,
D,4,68.60,N,N,N,N,25-Dec,,
D,5,67.90,N,N,N,N,25-Dec,,
D,7,67.90,N,N,N,N,28-Dec,,
D,2,67.00,N,N,N,N,8-Nov,8.6,8.2
D,3,66.90,Y,N,N,N,2-Dec,,
D,3,66.30,Y,N,Y,N,8-Nov,,
D,1,66.30,N,N,N,N,25-Dec,,
D,8,66.10,N,N,N,N,28-Dec,,
D,1,65.90,N,N,N,N,29-Nov,8.1,7.4
D,2,65.30,N,N,N,N,8-Dec,,
D,8,65.20,N,N,N,N,15-Dec,,
D,3,64.80,N,N,N,N,14-Nov,5.8,5.5
D,1,64.80,N,N,N,N,28-Dec,,
D,8,64.70,N,N,N,N,28-Dec,,
D,1,64.40,N,N,N,N,26-Nov,7.8,7.8
D,5,63.80,N,N,N,N,25-Dec,,
D,7,63.50,N,N,Y,N,5-Dec,,
D,8,63.40,N,N,N,N,25-Dec,,
D,4,63.20,N,N,N,N,25-Dec,,
D,4,63.20,N,N,N,N,25-Dec,,
D,7,63.00,N,N,N,N,28-Dec,,
D,1,62.70,Y,N,N,N,20-Oct,,
D,5,62.70,N,N,N,N,11-Nov,7.9,7.9
D,1,62.60,Y,N,N,N,28-Dec,,
D,5,62.30,N,N,N,N,25-Dec,,
D,2,62.30,N,N,N,N,25-Dec,,
D,5,62.20,Y,N,N,N,20-Oct,,
D,2,61.60,N,N,N,N,25-Dec,,
D,4,61.40,N,N,N,N,25-Dec,,
D,4,61.30,N,N,N,N,25-Dec,,
D,1,61.20,Y,N,N,N,1-Nov,,
D,1,61.00,N,N,N,N,25-Dec,,
D,7,60.90,N,N,N,N,28-Dec,,
D,4,60.70,N,N,N,N,28-Dec,,
D,5,59.70,Y,N,N,N,18-Nov,,
D,7,59.20,Y,N,N,N,29-Nov,,
D,4,58.70,N,N,N,N,25-Dec,,
D,7,58.30,Y,N,N,N,30-Nov,,
D,6,58.30,N,N,N,N,25-Dec,,
D,1,58.20,N,N,N,N,28-Dec,,
D,4,58.00,N,N,N,N,25-Dec,,
D,2,57.80,N,N,N,N,15-Dec,,
D,1,57.30,Y,N,N,N,4-Nov,,
D,4,57.10,N,N,N,N,15-Dec,,
D,7,56.90,N,N,N,N,11-Nov,6.6,6.6
D,1,55.90,N,N,N,N,25-Dec,,
D,5,55.60,N,N,N,N,14-Nov,6.1,6.4
D,5,55.20,N,N,N,N,25-Dec,,
D,7,55.10,N,N,N,N,28-Dec,,
D,5,55.00,N,N,N,N,2-Dec,8.6,9.2
D,3,54.90,Y,N,N,N,2-Dec,,
D,1,54.60,N,N,N,N,28-Dec,,
D,5,53.50,N,N,N,N,25-Dec,,
D,7,53.20,N,N,N,N,25-Dec,,
D,1,51.70,Y,N,N,N,28-Oct,,
D,8,51.50,N,N,N,N,25-Dec,,
D,1,50.80,Y,N,N,N,28-Oct,,
D,5,50.80,N,N,N,N,25-Dec,,
D,8,50.50,N,N,N,N,28-Dec,,
D,1,50.20,N,N,N,N,28-Dec,,
D,1,49.00,N,N,N,N,28-Dec,,
D,6,48.70,N,N,N,N,28-Dec,,
D,3,48.20,N,N,N,N,14-Nov,7.9,7.1
D,4,48.20,N,N,N,N,25-Dec,,
D,4,48.10,Y,N,N,N,11-Nov,,
D,5,47.90,N,N,N,N,25-Dec,,
D,5,47.70,N,N,N,N,25-Dec,,
D,3,47.60,N,N,N,N,25-Dec,,
D,1,47.50,N,N,N,N,28-Dec,,
D,8,47.20,N,N,N,N,25-Dec,,
D,1,46.50,N,N,N,N,28-Dec,,
D,7,45.60,N,N,N,N,28-Dec,,
D,5,45.00,N,N,N,N,25-Dec,,
D,4,44.60,N,N,N,N,15-Dec,,
D,5,44.30,N,N,N,N,15-Dec,,
D,6,43.30,N,N,N,N,25-Dec,,
D,5,41.70,N,N,N,N,15-Dec,,
D,1,41.40,N,N,N,N,28-Dec,,
D,5,39.60,N,N,N,N,25-Dec,,
D,2,39.10,N,N,N,N,28-Dec,,
D,7,37.70,N,N,N,N,25-Dec,,
D,1,37.20,N,N,N,N,25-Dec,,
D,1,36.00,N,N,N,N,28-Dec,,
D,1,35.60,N,N,N,N,28-Dec,,
D,6,34.70,N,N,N,N,25-Dec,,
D,1,33.80,N,N,N,N,28-Dec,,
D,3,28.40,N,N,N,N,25-Dec,,
D,7,28.00,N,N,N,N,25-Dec,,
D,3,28.00,N,N,N,N,25-Dec,,
D,5,26.40,N,N,N,N,29-Nov,9.4,7.9
D,8,24.20,N,N,N,N,15-Dec,,
D,1,23.00,N,N,N,N,28-Dec,,
D,5,21.70,N,N,N,N,28-Dec,,
D,1,19.90,N,N,N,N,25-Dec,,
D,1,14.10,N,N,N,N,28-Dec,,
D,1,,Y,N,N,N,20-Oct,,
D,1,,Y,,N,Y,24-Oct,,
D,1,,Y,N,N,N,24-Oct,,
D,3,,Y,N,N,N,28-Oct,,
D,3,,Y,N,N,N,8-Nov,,
D,2,,N,N,N,N,8-Nov,,
D,2,,N,N,N,N,10-Nov,,
D,7,,Y,N,N,N,26-Nov,,
D,7,,Y,N,N,N,26-Nov,,
D,8,,Y,N,N,N,26-Nov,,
D,1,,Y,N,N,N,26-Nov,,
D,8,,Y,N,N,N,26-Nov,,
D,6,,N,N,Y,N,10-Dec,,
D,8,,N,N,N,N,25-Dec,,
D,1,,N,N,N,N,28-Dec,,
D,8,,N,N,N,N,28-Dec,,
D,6,,N,N,N,N,28-Dec,,
D,8,,N,N,N,N,28-Dec,,
D,8,,N,N,N,N,28-Dec,,
D,8,,N,N,N,N,28-Dec,,
C,5,146.50,N,N,N,N,30-Nov,5.8,5.3
C,5,369.70,N,N,N,N,3-Nov,5.3,5.8
C,1,332.20,N,N,N,N,28-Oct,5.6,5.3
C,5,312.40,N,N,N,N,1-Nov,5.5,5.8
C,1,284.70,N,N,N,N,3-Nov,6,5.4
C,3,284.30,N,N,N,N,24-Oct,4.9,4.9
C,8,280.30,N,N,N,N,8-Nov,6,5
C,2,267.30,N,N,N,N,7-Nov,5.4,5
C,2,239.80,N,N,N,N,25-Dec,,
C,6,237.10,N,N,N,N,7-Nov,4.9,5.1
C,5,217.50,N,N,N,N,1-Nov,5.7,6
C,5,217.10,N,Y,N,N,24-Oct,,
C,7,216.70,N,N,N,N,3-Nov,3.7,3.7
C,4,215.30,N,N,N,N,8-Nov,5.6,6
C,2,209.90,N,N,N,N,8-Nov,4.9,5.4
C,1,209.10,N,N,N,N,3-Nov,5.3,5.3
C,1,206.90,N,N,N,N,14-Nov,5.7,5.5
C,4,206.10,N,N,N,N,1-Nov,5.5,5.6
C,7,203.70,N,N,N,N,3-Nov,4.5,4
C,7,203.30,N,N,N,N,24-Oct,3.7,4.5
C,4,202.90,N,N,N,N,10-Nov,3.8,4.3
C,5,202.10,N,N,N,N,14-Nov,4,3.7
C,7,198.60,N,N,N,N,10-Nov,4.4,4.4
C,7,196.90,N,N,N,N,28-Dec,,
C,3,191.10,N,N,N,N,4-Nov,5.5,5.5
C,3,188.50,N,N,N,N,14-Nov,3.9,4.1
C,7,183.50,N,N,N,N,3-Nov,4.4,3.5
C,1,178.40,N,N,N,N,2-Dec,6.7,6.4
C,5,177.20,N,N,N,N,11-Nov,6,5.4
C,3,176.10,N,N,N,N,25-Dec,,
C,6,175.70,N,N,N,N,14-Nov,5.3,5
C,2,175.00,N,N,N,N,1-Nov,5.5,5.1
C,7,173.50,N,N,N,N,25-Dec,,
C,7,172.90,N,N,N,N,30-Nov,5.5,5.2
C,5,172.50,N,N,N,N,11-Nov,5.6,6
C,3,170.00,N,N,N,N,25-Dec,,
C,1,169.10,N,N,N,N,10-Nov,3.1,4.1
C,5,168.70,N,N,N,N,30-Nov,5.6,6.2
C,7,167.60,N,N,N,N,4-Nov,4,4.5
C,4,166.90,N,N,N,N,14-Nov,4.4,4.7
C,7,166.80,N,N,N,N,11-Nov,4.3,4.3
C,1,166.10,N,N,N,N,3-Nov,5.2,5.2
C,5,165.80,N,N,N,N,11-Nov,6,6.5
C,4,165.80,N,N,N,N,11-Nov,5.9,6.3
C,4,165.80,N,N,N,N,11-Nov,5.5,5.7
C,1,165.70,N,N,N,N,29-Nov,6.6,6.7
C,8,165.10,N,N,N,N,1-Nov,7.5,7.5
C,6,164.70,N,N,N,N,8-Dec,,
C,5,164.30,N,N,N,N,29-Nov,5.2,5.1
C,2,163.80,N,N,N,N,24-Oct,5.5,5.2
C,6,163.10,N,N,N,N,11-Nov,4.7,5.1
C,3,163.00,N,N,Y,N,5-Dec,,
C,1,162.40,N,N,N,N,26-Nov,6.4,7.3
C,7,161.30,N,N,N,N,28-Dec,,
C,3,161.20,N,N,N,N,14-Nov,3.6,3.6
C,6,160.70,Y,N,N,N,4-Nov,,
C,7,159.90,N,N,N,N,30-Nov,4.1,4.3
C,1,159.30,N,N,N,N,1-Nov,5.5,5.4
C,1,159.30,N,N,N,N,29-Nov,6.3,7.1
C,4,159.00,N,N,N,N,8-Nov,4.9,6
C,4,158.90,N,N,N,N,10-Nov,6,5.5
C,7,158.50,N,N,N,N,15-Dec,,
C,1,158.30,N,N,Y,N,14-Nov,6,6.1
C,5,156.70,N,N,Y,N,10-Dec,,
C,5,156.60,N,N,N,N,8-Nov,5.4,4.7
C,4,156.10,N,N,N,N,8-Nov,4.8,4.6
C,3,155.80,N,N,Y,N,5-Dec,,
C,3,155.20,N,N,N,N,29-Nov,6.4,
C,6,152.50,N,N,N,N,14-Nov,5.5,5.5
C,7,151.70,N,N,N,N,28-Dec,,
C,7,149.70,N,N,Y,N,14-Nov,2.3,4.4
C,3,149.50,N,N,N,N,5-Dec,,
C,2,147.80,N,N,N,N,14-Nov,5.9,5.8
C,7,147.80,N,N,N,N,25-Dec,,
C,5,147.50,Y,N,N,N,10-Nov,,
C,3,147.40,N,N,N,N,8-Dec,,
C,3,145.40,N,N,N,N,25-Dec,,
C,7,143.80,N,N,N,N,28-Dec,,
C,2,143.70,N,N,N,N,24-Oct,6,6.2
C,1,143.50,N,N,N,N,26-Nov,7.3,7.1
C,3,143.40,N,N,N,N,1-Nov,5.1,4.7
C,1,143.10,N,N,N,N,8-Nov,5.6,5.4
C,6,142.50,N,N,N,N,29-Nov,5.7,5.3
C,8,142.50,N,N,Y,N,2-Dec,6.6,6.8
C,5,142.20,N,N,Y,N,10-Dec,,
C,3,141.80,N,N,N,N,11-Nov,5.2,5
C,5,139.80,N,N,N,N,10-Dec,,
C,7,137.40,N,N,N,N,11-Nov,5.4,4.7
C,2,136.60,N,N,N,N,26-Nov,4.7,5
C,4,136.10,N,N,Y,N,8-Nov,5.4,5.5
C,2,135.20,N,N,Y,N,29-Nov,3.8,
C,7,134.00,N,N,N,N,14-Nov,3.5,4.6
C,7,133.90,N,N,N,N,30-Nov,4.3,4.3
C,7,130.00,N,N,N,N,7-Nov,4.5,4.2
C,3,129.00,N,N,N,N,26-Nov,6.2,5.7
C,5,128.20,N,N,N,N,25-Dec,,
C,2,126.90,N,N,N,N,29-Nov,4.8,4.3
C,4,126.70,N,N,Y,N,8-Nov,5.4,5.6
C,8,125.40,N,N,Y,N,30-Nov,6.5,6.9
C,4,125.10,N,N,N,N,4-Nov,5.7,5.6
C,3,124.90,N,N,N,N,25-Dec,,
C,5,124.10,N,N,N,N,25-Dec,,
C,5,123.80,N,N,N,N,30-Nov,6.6,6.7
C,3,123.60,N,N,N,N,28-Dec,,
C,4,122.10,N,N,N,N,26-Nov,6.8,6.6
C,1,121.40,N,N,N,N,14-Nov,6.1,6.1
C,4,121.30,N,N,N,N,10-Nov,4.1,4.3
C,3,121.20,N,N,N,N,5-Dec,,
C,8,121.10,N,N,N,N,10-Nov,4.9,5.1
C,8,121.10,N,N,N,N,11-Nov,7.3,7.5
C,7,120.70,N,Y,Y,N,5-Dec,,
C,7,119.80,N,N,N,N,14-Nov,3,2.9
C,2,119.50,N,N,N,N,18-Nov,4,4.8
C,1,119.20,N,N,N,N,28-Dec,,
C,3,119.00,N,N,N,N,25-Dec,,
C,4,118.00,Y,N,N,N,20-Oct,,
C,2,116.90,N,N,N,N,28-Oct,6,6.1
C,4,116.50,N,N,N,N,8-Nov,6,6
C,4,116.00,N,N,N,N,14-Nov,4.4,4
C,1,115.70,N,N,N,N,15-Dec,,
C,8,115.40,Y,N,N,N,24-Oct,,
C,7,114.40,N,N,N,N,7-Nov,4.4,4.4
C,4,114.20,N,N,N,N,25-Dec,,
C,8,113.10,N,N,N,N,8-Nov,7,6.9
C,2,112.40,N,N,N,N,10-Nov,7.1,6.8
C,2,111.80,N,N,N,N,25-Dec,,
C,1,111.40,N,N,Y,N,15-Dec,,
C,5,110.70,N,N,Y,N,10-Dec,,
C,4,110.50,N,N,N,N,14-Nov,6,7
C,7,109.30,N,N,N,N,28-Dec,,
C,2,109.10,N,N,N,N,29-Nov,3.3,4.8
C,7,108.20,N,N,N,N,30-Nov,4.7,4.8
C,5,107.60,N,N,N,N,28-Dec,,
C,5,107.20,Y,N,N,N,2-Dec,,
C,5,106.20,N,N,Y,N,2-Dec,6.5,
C,5,105.10,Y,N,N,N,2-Dec,,
C,5,104.30,N,N,Y,N,25-Dec,,
C,2,103.80,N,N,N,N,8-Nov,6.8,6.7
C,1,101.70,N,N,N,N,15-Dec,,
C,1,101.60,N,N,N,N,29-Nov,6.3,6.3
C,5,101.60,N,N,Y,N,25-Dec,,
C,3,101.60,N,N,N,N,28-Dec,,
C,5,101.10,N,N,N,N,25-Dec,,
C,1,101.00,Y,N,N,N,15-Dec,,
C,8,100.70,Y,N,N,N,28-Oct,,
C,6,100.60,N,N,N,N,2-Dec,6.3,6.1
C,5,100.00,Y,N,N,N,15-Dec,,
C,1,99.90,N,N,N,N,25-Dec,,
C,7,99.70,N,N,N,N,28-Dec,,
C,4,99.30,N,N,N,N,25-Dec,,
C,3,99.20,N,N,Y,N,8-Nov,5.1,5.7
C,7,98.80,N,N,N,N,30-Nov,4.2,4.9
C,8,98.10,N,N,Y,N,14-Nov,5.5,5.4
C,8,97.80,N,N,N,N,14-Nov,7.3,7.3
C,2,97.40,N,N,N,N,28-Dec,,
C,1,97.20,N,N,Y,N,2-Dec,7.1,
C,1,97.10,N,N,N,N,25-Dec,,
C,5,97.00,N,N,N,N,25-Dec,,
C,3,96.90,N,N,N,N,28-Dec,,
C,1,96.70,Y,N,N,N,15-Dec,,
C,5,96.40,N,N,N,N,25-Dec,,
C,3,96.30,N,N,N,N,25-Dec,,
C,7,96.00,N,N,N,N,3-Nov,3.7,4.7
C,8,95.70,N,N,N,N,14-Nov,6.3,6.6
C,1,95.40,Y,N,N,N,18-Nov,,
C,4,95.30,N,N,N,N,25-Dec,,
C,4,95.20,N,N,N,N,25-Dec,,
C,8,94.80,Y,N,N,N,24-Oct,,
C,8,94.10,Y,N,N,N,15-Dec,,
C,4,93.90,Y,N,N,N,4-Nov,,
C,1,93.70,N,N,N,N,25-Dec,,
C,7,93.50,N,N,N,N,29-Nov,3.8,3.5
C,8,93.00,Y,N,N,N,18-Nov,,
C,2,92.90,N,N,N,N,14-Nov,4.8,5
C,5,92.00,Y,N,N,N,18-Nov,,
C,2,91.90,N,N,N,N,8-Nov,6.6,6.6
C,5,91.00,N,N,Y,N,15-Dec,,
C,5,90.80,N,N,N,N,25-Dec,,
C,2,90.50,N,N,N,N,2-Dec,7,7.1
C,8,90.00,N,N,N,N,8-Dec,,
C,1,89.00,N,N,N,N,3-Nov,6.5,6.3
C,2,88.60,N,N,N,N,10-Nov,6.5,7.3
C,1,88.50,N,N,N,N,25-Dec,,
C,8,88.40,Y,N,N,N,20-Oct,,
C,5,88.20,N,N,N,N,8-Dec,,
C,1,87.90,N,N,N,N,28-Dec,,
C,1,87.30,N,N,N,N,28-Dec,,
C,1,87.20,N,N,N,N,28-Dec,,
C,8,87.00,Y,N,N,N,2-Dec,,
C,2,86.70,N,N,N,N,14-Nov,4.8,4.7
C,7,86.70,N,N,N,Y,15-Dec,,
C,1,85.50,N,N,N,N,15-Dec,,
C,8,85.20,Y,N,N,N,18-Nov,,
C,1,84.30,N,N,N,N,30-Nov,6.8,7
C,7,84.10,N,N,N,N,18-Nov,4.3,4.3
C,2,83.40,N,N,N,N,28-Dec,,
C,4,83.30,N,N,N,N,15-Dec,,
C,3,83.20,N,N,N,N,14-Nov,5.5,5.6
C,2,83.00,N,N,N,N,25-Dec,,
C,1,82.90,N,N,N,N,25-Dec,,
C,8,82.20,N,N,N,N,10-Dec,,
C,2,80.80,N,N,N,N,3-Nov,7.4,7.3
C,8,80.80,Y,N,N,N,10-Nov,,
C,2,80.70,N,N,N,N,11-Nov,6,6.1
C,1,80.60,N,N,N,N,25-Dec,,
C,4,80.40,N,N,N,N,25-Dec,,
C,1,80.00,N,N,N,N,25-Dec,,
C,3,79.90,N,N,N,N,25-Dec,,
C,1,79.60,N,N,N,N,28-Dec,,
C,4,79.30,N,N,N,N,28-Dec,,
C,7,78.90,N,N,Y,N,25-Dec,,
C,2,78.50,N,N,N,N,30-Nov,5,4.4
C,1,78.20,N,N,N,N,25-Dec,,
C,4,78.10,N,N,N,N,28-Dec,,
C,2,78.00,N,N,N,N,26-Nov,4.2,
C,1,77.60,N,N,N,N,25-Dec,,
C,2,76.80,N,N,N,N,7-Nov,7.3,6.5
C,8,76.70,Y,N,N,N,18-Nov,,
C,5,75.60,N,N,N,N,25-Dec,,
C,2,75.20,N,N,N,N,14-Nov,7.3,5.8
C,1,74.80,N,N,N,N,28-Dec,,
C,2,74.10,N,N,N,N,8-Dec,,
C,1,73.30,N,N,N,N,25-Dec,,
C,5,72.90,Y,N,N,N,15-Dec,,
C,8,71.10,Y,N,N,N,4-Nov,,
C,5,71.00,N,N,N,N,25-Dec,,
C,1,71.00,N,N,N,N,25-Dec,,
C,8,70.70,N,N,N,N,25-Dec,,
C,1,70.00,N,N,N,N,25-Dec,,
C,8,68.70,N,N,N,N,30-Nov,8.6,8.4
C,5,68.60,N,N,N,N,25-Dec,,
C,2,67.80,N,N,N,N,28-Dec,,
C,2,67.40,Y,N,N,N,15-Dec,,
C,7,67.40,N,N,N,N,15-Dec,,
C,5,66.00,N,N,N,N,25-Dec,,
C,1,65.70,Y,N,N,N,10-Dec,,
C,8,65.50,N,N,N,N,25-Dec,,
C,2,64.30,Y,N,N,N,10-Nov,,
C,8,64.10,Y,N,N,N,15-Dec,,
C,4,63.50,N,N,N,N,5-Dec,,
C,1,62.30,N,N,N,N,28-Dec,,
C,1,61.60,N,N,N,N,28-Dec,,
C,8,61.40,N,N,N,N,14-Nov,4.8,5.3
C,1,61.30,N,N,N,N,15-Dec,,
C,3,61.30,N,N,N,N,25-Dec,,
C,2,57.40,Y,N,N,N,2-Dec,,
C,5,57.30,N,N,N,N,28-Dec,,
C,8,57.10,Y,N,N,N,14-Nov,,
C,2,56.70,Y,N,N,N,18-Nov,,
C,3,56.70,N,N,N,N,25-Dec,,
C,2,56.20,Y,N,N,N,2-Dec,,
C,1,55.30,N,N,N,N,25-Dec,,
C,2,55.10,N,N,N,N,11-Nov,6.4,5.8
C,2,55.10,N,N,N,N,14-Nov,8.4,
C,1,53.90,N,N,N,N,25-Dec,,
C,3,53.70,N,N,N,N,25-Dec,,
C,3,53.70,N,N,N,N,25-Dec,,
C,3,53.30,N,N,N,N,25-Dec,,
C,1,51.70,N,N,N,N,28-Dec,,
C,3,50.70,N,N,N,N,25-Dec,,
C,1,50.30,N,N,N,N,25-Dec,,
C,4,44.20,N,N,N,N,25-Dec,,
C,1,42.40,Y,N,N,N,11-Nov,,
C,3,42.10,N,N,N,N,28-Dec,,
C,1,41.80,N,N,N,N,28-Dec,,
C,2,40.80,N,N,N,N,28-Dec,,
C,2,40.20,N,N,N,N,25-Dec,,
C,2,37.80,N,N,N,N,30-Nov,7.3,7.4
C,4,37.00,N,N,N,N,28-Dec,,
C,4,36.00,N,N,N,N,25-Dec,,
C,3,29.50,N,N,N,N,25-Dec,,
C,5,,Y,N,N,N,26-Nov,,
C,8,,Y,N,N,N,26-Nov,,
C,5,,Y,N,N,N,26-Nov,,
C,1,,Y,N,N,N,26-Nov,,
C,8,,Y,N,N,N,26-Nov,,
C,3,,Y,N,N,N,26-Nov,,
C,1,,N,N,N,N,28-Dec,,
C,3,,N,N,N,N,28-Dec,,
C,5,,N,N,N,N,28-Dec,,
C,3,,N,N,N,N,28-Dec,,
C,7,,N,N,N,N,28-Dec,,
B,6,343.90,N,N,N,N,1-Nov,5.9,5.9
B,4,329.40,N,N,N,Y,10-Nov,3.6,3.6
B,8,324.90,N,N,N,Y,24-Oct,6.4,5.5
B,2,314.30,N,N,N,N,3-Nov,5.2,5.2
B,4,273.60,N,N,N,N,28-Oct,4.3,5.3
B,2,260.50,N,N,N,N,3-Nov,5.2,4.9
B,4,254.40,N,N,N,N,3-Nov,4.4,4.4
B,8,253.30,N,N,N,N,28-Oct,6,6.3
B,2,253.20,N,N,N,Y,1-Nov,5.1,4.7
B,3,250.70,N,N,N,N,1-Nov,6,5.7
B,4,245.20,N,N,N,N,8-Nov,4.4,5
B,4,240.40,N,N,N,N,8-Nov,4.5,3.1
B,6,238.80,N,N,N,N,3-Nov,5.5,5.5
B,4,231.50,N,N,N,N,10-Nov,4.6,4.6
B,2,228.30,N,N,N,N,25-Dec,,
B,8,219.60,N,N,N,N,11-Nov,6.5,6.3
B,2,211.40,N,N,Y,N,5-Dec,,
B,1,208.40,N,N,N,N,3-Nov,6.2,6.5
B,2,208.20,N,N,N,N,5-Dec,,
B,6,204.20,N,N,N,N,29-Nov,5.3,4.8
B,5,203.00,N,N,N,N,3-Nov,6.4,6.3
B,2,202.60,N,N,N,N,8-Nov,5.3,5.6
B,6,199.30,N,N,N,N,1-Nov,6.1,6
B,4,195.30,N,N,N,N,1-Nov,6.5,6.2
B,4,192.40,N,N,N,N,18-Nov,4.8,4.8
B,8,189.50,N,N,N,N,1-Nov,6.4,6
B,4,188.10,N,N,N,N,8-Dec,,
B,7,186.70,N,N,N,Y,24-Oct,,
B,3,185.20,Y,N,N,N,24-Oct,,
B,4,185.00,N,N,N,N,7-Nov,4.7,4.7
B,2,184.20,N,N,N,N,26-Nov,5.8,6.1
B,7,184.00,N,N,N,N,1-Nov,5.2,5.5
B,6,180.90,N,N,Y,N,15-Dec,,
B,3,179.60,N,N,Y,N,10-Nov,5.7,5.6
B,7,176.90,N,N,N,N,1-Nov,5.6,4.8
B,1,176.70,N,N,N,N,15-Dec,,
B,6,175.20,N,N,N,N,11-Nov,6.2,6.3
B,7,175.10,N,N,Y,N,15-Dec,,
B,2,174.90,N,N,Y,N,26-Nov,5.5,6
B,2,173.80,N,N,N,N,29-Nov,6.1,5.6
B,4,172.60,N,N,N,N,15-Dec,,
B,4,172.00,N,N,N,N,29-Nov,5.1,4.9
B,2,168.50,N,N,N,N,30-Nov,5.5,5.8
B,4,168.00,N,N,N,N,15-Dec,,
B,2,166.70,N,N,N,N,25-Dec,,
B,2,166.60,N,N,N,N,3-Nov,5.4,5.2
B,6,164.70,N,N,N,N,11-Nov,6,6.4
B,4,164.10,N,N,N,N,26-Nov,5.4,5.2
B,2,163.20,N,N,N,N,26-Nov,7.1,
B,5,162.90,N,N,N,N,28-Oct,7.3,6.8
B,2,162.40,N,N,N,N,29-Nov,4.4,5.2
B,4,162.30,N,N,N,N,25-Dec,,
B,3,160.10,N,N,N,N,14-Nov,6.3,6
B,4,159.90,N,N,N,N,1-Nov,6.2,5.7
B,1,157.40,N,N,N,N,28-Oct,6.9,6.8
B,6,157.40,N,N,N,N,11-Nov,6.9,6.7
B,6,155.40,N,N,N,N,30-Nov,7.6,7.7
B,4,155.20,N,N,Y,N,5-Dec,,
B,7,152.90,N,N,N,N,11-Nov,5.2,5.3
B,3,151.00,N,N,N,N,1-Nov,5.3,4.9
B,5,150.05,N,N,N,N,1-Nov,7,6.4
B,3,149.20,N,N,N,N,10-Nov,5,4.2
B,4,147.70,N,N,N,N,26-Nov,4.6,4.6
B,7,146.40,N,N,N,N,7-Nov,5.4,5.7
B,4,144.40,N,N,N,N,25-Dec,,
B,4,143.90,N,N,N,N,11-Nov,4.9,5.1
B,6,143.20,N,N,N,N,30-Nov,4.7,4.3
B,6,141.70,N,N,N,N,10-Nov,4.9,4.6
B,4,140.50,N,N,N,N,25-Dec,,
B,4,139.80,N,N,N,N,25-Dec,,
B,6,139.30,N,N,N,N,8-Dec,,
B,6,139.10,N,N,N,N,8-Dec,,
B,4,138.30,N,N,N,N,5-Dec,,
B,8,138.20,N,N,N,N,10-Nov,6.8,6.4
B,4,136.60,N,N,N,N,11-Nov,5.2,5.1
B,5,135.80,N,N,Y,N,8-Nov,7.1,7.1
B,7,135.10,N,N,N,N,1-Nov,5.2,4.9
B,3,134.80,N,N,N,N,30-Nov,5.5,5.7
B,4,134.50,N,N,N,N,28-Dec,,
B,3,134.00,N,N,N,N,1-Nov,5.6,5.2
B,4,134.00,N,N,N,N,15-Dec,,
B,3,133.10,N,N,N,N,8-Nov,5,5.2
B,4,132.40,N,N,N,N,7-Nov,4.6,4.4
B,8,132.30,N,N,N,N,5-Dec,,
B,4,132.10,N,N,N,N,8-Dec,,
B,4,131.90,N,N,N,N,8-Dec,,
B,8,130.70,N,N,N,N,1-Nov,7.1,6.8
B,3,130.00,N,N,N,N,28-Dec,,
B,5,128.00,N,N,N,N,10-Nov,6.3,6
B,4,127.60,N,N,N,N,25-Dec,,
B,8,127.40,N,N,N,N,14-Nov,7.7,6.6
B,8,127.30,N,N,N,N,29-Nov,9.1,8.8
B,6,127.20,N,N,N,N,29-Nov,7,5.9
B,6,127.10,N,N,N,N,11-Nov,6.5,7.8
B,2,127.10,N,N,N,N,28-Dec,,
B,4,125.90,N,N,N,N,8-Dec,,
B,7,123.80,N,N,N,N,14-Nov,5.7,5.6
B,4,123.00,N,N,N,N,28-Dec,,
B,8,122.60,N,N,N,N,29-Nov,8.4,8.3
B,8,122.60,N,N,N,N,8-Dec,,
B,4,122.40,N,N,N,N,25-Dec,,
B,6,121.10,N,N,N,N,11-Nov,6.5,6.5
B,2,121.10,N,N,N,N,14-Nov,4.2,3.6
B,4,119.00,N,N,N,N,28-Dec,,
B,4,118.60,N,N,N,N,15-Dec,,
B,7,118.00,N,N,N,N,14-Nov,6.3,5.6
B,8,117.70,N,N,N,N,3-Nov,6.9,6.3
B,7,117.40,N,N,N,N,11-Nov,6,5.7
B,6,116.80,N,N,N,N,8-Dec,,
B,6,115.90,N,N,N,N,10-Dec,,
B,6,115.50,N,N,N,N,29-Nov,7.5,6.8
B,5,115.40,N,N,N,N,8-Nov,6.2,6.4
B,6,115.40,N,N,N,N,8-Dec,,
B,7,115.00,N,N,N,N,8-Nov,4.7,5.1
B,1,114.20,Y,N,N,N,20-Oct,,
B,4,114.20,N,N,N,N,8-Dec,,
B,2,114.00,N,N,N,N,26-Nov,5.8,5.8
B,6,113.70,Y,N,N,N,10-Nov,,
B,5,112.80,N,N,N,N,10-Nov,5.1,5.2
B,6,112.10,N,N,N,N,11-Nov,7.2,7
B,6,110.30,N,N,N,N,30-Nov,4.9,4.7
B,8,110.30,N,N,N,N,28-Dec,,
B,7,109.80,N,N,Y,N,29-Nov,5.9,
B,1,109.80,N,N,N,N,2-Dec,8.5,8
B,3,109.50,N,N,N,N,28-Dec,,
B,3,108.60,N,N,N,N,2-Dec,6,5.9
B,1,108.20,N,N,N,N,14-Nov,7.4,7.3
B,3,107.40,N,N,N,N,28-Dec,,
B,4,107.00,N,Y,N,N,29-Nov,4.9,4.8
B,6,106.90,N,N,Y,N,15-Dec,,
B,1,106.00,N,N,N,N,14-Nov,7.3,7.6
B,1,105.80,N,N,N,N,14-Nov,8.8,8
B,2,105.30,N,N,N,N,28-Dec,,
B,6,105.10,N,N,N,N,28-Dec,,
B,7,104.60,N,N,N,N,8-Nov,5.1,4.3
B,5,104.30,Y,N,N,N,28-Oct,7,6.7
B,6,103.80,N,N,N,N,29-Nov,7.2,7.2
B,2,103.30,N,N,N,N,2-Dec,5.7,5.4
B,8,103.00,N,N,N,N,8-Dec,,
B,4,100.70,N,N,N,N,30-Nov,4.8,4.3
B,8,100.50,N,N,N,N,29-Nov,8.6,8.2
B,7,99.50,N,N,N,N,30-Nov,6.1,4.6
B,4,99.40,N,N,N,N,25-Dec,,
B,4,97.20,N,N,N,N,28-Dec,,
B,8,96.90,N,N,N,N,5-Dec,,
B,5,96.90,N,N,N,N,15-Dec,,
B,3,96.00,N,N,N,N,4-Nov,5.9,6
B,3,95.70,N,N,N,N,11-Nov,7.2,6.1
B,6,94.90,N,N,N,N,15-Dec,,
B,7,94.70,N,N,N,N,25-Dec,,
B,5,93.30,N,N,N,N,25-Dec,,
B,6,93.30,N,N,N,N,28-Dec,,
B,6,93.30,N,N,N,N,28-Dec,,
B,3,93.00,N,N,N,N,11-Nov,5.7,6.1
B,2,92.80,N,N,N,N,15-Dec,,
B,5,92.30,N,N,N,N,8-Nov,,
B,1,92.10,Y,N,N,N,3-Nov,,
B,5,92.00,N,N,N,N,8-Nov,7.7,8.3
B,6,92.00,N,N,N,N,28-Dec,,
B,2,92.00,N,N,N,N,28-Dec,,
B,6,91.20,N,N,N,N,25-Dec,,
B,7,90.10,N,N,N,N,14-Nov,5.4,5.4
B,4,89.60,N,N,N,N,15-Dec,,
B,6,89.00,Y,N,N,N,2-Dec,,
B,5,88.90,Y,N,N,N,2-Dec,,
B,2,88.10,N,N,N,N,25-Dec,,
B,5,87.70,Y,N,N,N,8-Nov,,
B,6,87.10,N,N,N,N,15-Dec,,
B,1,87.10,N,N,N,N,25-Dec,,
B,8,87.00,N,N,Y,N,8-Dec,,
B,6,86.60,Y,N,N,N,14-Nov,,
B,1,85.40,N,N,N,N,1-Nov,7.7,6.9
B,8,85.20,N,N,N,N,15-Dec,,
B,1,85.00,Y,N,N,N,20-Oct,,
B,6,84.00,N,N,N,N,28-Dec,,
B,4,83.90,N,N,N,N,11-Nov,6.6,6
B,6,83.60,N,N,N,N,25-Dec,,
B,1,83.30,N,N,N,N,25-Dec,,
B,1,83.20,N,N,N,N,8-Dec,,
B,5,82.60,N,N,N,N,11-Nov,7.9,7.3
B,5,82.60,N,N,N,N,14-Nov,6.6,5.8
B,5,82.60,N,N,N,N,8-Dec,,
B,5,82.50,Y,N,N,N,18-Nov,,
B,7,81.80,N,N,N,N,14-Nov,4.9,4.9
B,1,81.50,N,N,N,N,14-Nov,7.7,7.2
B,7,81.30,Y,N,N,N,10-Nov,,
B,6,80.50,N,N,N,N,25-Dec,,
B,5,80.30,N,N,N,N,25-Dec,,
B,1,80.30,N,N,N,N,25-Dec,,
B,7,79.90,N,N,N,N,5-Dec,,
B,1,79.90,N,N,N,N,25-Dec,,
B,4,79.80,N,N,N,N,25-Dec,,
B,5,79.30,N,N,N,N,5-Dec,,
B,8,78.90,N,N,N,N,25-Dec,,
B,4,78.30,N,N,N,Y,25-Dec,,
B,8,78.00,N,N,N,N,30-Nov,7.5,7.2
B,2,77.40,N,N,N,N,8-Dec,,
B,8,77.20,N,N,N,N,5-Dec,,
B,2,77.00,N,N,N,N,29-Nov,7.9,7.7
B,8,77.00,Y,N,N,N,2-Dec,,
B,6,77.00,N,N,N,N,15-Dec,,
B,2,76.70,N,N,N,N,25-Dec,,
B,1,76.50,N,N,N,N,15-Dec,,
B,6,76.10,N,N,N,N,25-Dec,,
B,8,74.80,Y,N,N,N,15-Dec,,
B,2,74.70,N,N,N,N,8-Dec,,
B,8,74.70,N,N,N,N,15-Dec,,
B,6,74.60,N,N,N,N,8-Dec,,
B,8,74.50,N,N,N,N,26-Nov,7.8,7.4
B,1,74.20,N,N,N,N,25-Dec,,
B,8,73.70,Y,N,N,N,2-Dec,,
B,3,73.70,N,N,N,N,28-Dec,,
B,8,73.20,N,N,N,N,29-Nov,7.2,6.8
B,8,72.80,N,N,Y,N,26-Nov,8.3,8.9
B,2,72.70,N,N,N,N,25-Dec,,
B,1,72.00,N,N,N,N,25-Dec,,
B,6,71.50,N,N,N,N,25-Dec,,
B,5,71.20,N,N,N,N,25-Dec,,
B,1,71.00,N,N,N,N,5-Dec,,
B,8,71.00,N,N,N,N,15-Dec,,
B,1,70.90,N,N,Y,N,25-Dec,,
B,5,70.50,N,N,Y,N,10-Dec,,
B,2,70.40,N,N,N,N,8-Dec,,
B,6,69.60,Y,N,N,N,18-Nov,,
B,5,69.50,N,N,N,N,28-Dec,,
B,3,69.40,Y,N,N,N,15-Dec,,
B,8,69.00,N,N,N,N,15-Dec,,
B,1,69.00,N,N,N,N,28-Dec,,
B,3,68.70,N,N,N,N,29-Nov,6.1,6.2
B,8,68.40,Y,N,N,N,10-Dec,,
B,6,68.30,Y,N,N,N,15-Dec,,
B,6,67.70,Y,N,Y,N,15-Dec,,
B,4,67.30,N,N,N,N,28-Dec,,
B,8,67.10,Y,N,N,N,10-Nov,,
B,1,66.40,N,N,N,N,25-Dec,,
B,8,65.50,N,N,N,N,28-Dec,,
B,1,65.30,N,N,N,N,25-Dec,,
B,8,65.30,N,N,N,N,28-Dec,,
B,1,64.20,N,N,N,N,8-Dec,,
B,8,63.50,N,N,N,N,28-Dec,,
B,4,63.20,N,N,N,N,8-Dec,,
B,8,63.20,N,N,N,N,25-Dec,,
B,1,63.10,Y,N,N,N,4-Nov,,
B,8,62.10,N,N,N,N,28-Dec,,
B,1,61.20,N,N,N,N,25-Dec,,
B,8,59.60,N,N,N,N,8-Dec,,
B,5,59.50,N,N,N,N,25-Dec,,
B,6,58.30,N,N,N,N,25-Dec,,
B,8,57.70,N,N,N,N,25-Dec,,
B,8,57.30,Y,N,N,N,15-Dec,,
B,8,57.10,N,N,N,N,25-Dec,,
B,8,57.10,N,N,N,N,25-Dec,,
B,6,56.60,Y,N,N,N,18-Nov,,
B,3,55.90,N,N,N,N,29-Nov,6.8,6.5
B,5,55.20,N,N,N,N,29-Nov,8,7
B,1,55.10,N,N,N,N,8-Dec,,
B,1,54.70,N,N,N,N,25-Dec,,
B,5,54.30,Y,N,N,N,15-Dec,,
B,5,54.20,N,N,N,N,25-Dec,,
B,3,53.20,N,N,N,N,14-Nov,5.1,
B,8,52.60,N,N,N,N,25-Dec,,
B,8,52.40,N,N,N,N,8-Dec,,
B,5,51.80,N,N,N,N,25-Dec,,
B,8,51.70,N,N,N,N,28-Dec,,
B,8,51.70,N,N,N,N,28-Dec,,
B,5,51.60,N,N,N,N,25-Dec,,
B,8,50.80,N,N,N,N,15-Dec,,
B,5,50.20,N,N,N,N,25-Dec,,
B,1,50.10,N,N,N,N,28-Dec,,
B,8,49.30,N,N,N,N,15-Dec,,
B,1,48.70,N,N,N,N,28-Dec,,
B,8,48.60,N,N,N,N,25-Dec,,
B,8,48.40,N,N,N,N,25-Dec,,
B,8,48.10,N,N,N,N,15-Dec,,
B,8,47.90,N,N,N,N,25-Dec,,
B,5,47.90,N,N,N,N,28-Dec,,
B,8,47.40,N,N,N,N,28-Dec,,
B,8,46.70,N,N,N,N,25-Dec,,
B,1,46.60,N,N,N,N,28-Dec,,
B,8,46.10,N,N,N,N,25-Dec,,
B,8,45.10,N,N,N,N,25-Dec,,
B,8,44.70,N,N,N,N,25-Dec,,
B,8,42.20,N,N,N,N,25-Dec,,
B,1,41.40,Y,N,N,N,4-Nov,,
B,5,41.40,N,N,N,N,28-Dec,,
B,2,41.10,N,N,N,N,25-Dec,,
B,5,39.60,N,N,N,N,25-Dec,,
B,8,39.40,N,N,N,N,25-Dec,,
B,8,39.30,N,N,N,N,29-Nov,8.7,8.7
B,5,38.70,N,N,N,N,25-Dec,,
B,5,38.10,N,N,N,N,15-Dec,,
B,8,36.00,N,N,N,N,8-Dec,,
B,8,35.80,N,N,N,N,15-Dec,,
B,2,34.60,N,N,Y,N,25-Dec,,
B,1,33.70,N,N,N,N,28-Dec,,
B,8,32.50,N,N,N,N,25-Dec,,
B,8,25.60,N,N,N,N,15-Dec,,
B,8,24.90,N,N,N,N,25-Dec,,
B,8,24.00,N,N,N,N,25-Dec,,
B,5,,N,N,N,N,8-Nov,,
B,8,,Y,N,N,N,10-Nov,,
B,8,,Y,N,N,N,10-Nov,,
B,8,,Y,N,N,N,10-Nov,,
B,4,,Y,N,N,N,26-Nov,,
B,8,,N,N,Y,N,10-Dec,,
B,6,,N,N,Y,N,25-Dec,,
B,4,,N,N,N,N,28-Dec,,
B,6,,N,N,N,N,28-Dec,,
B,8,,N,N,N,N,28-Dec,,
B,7,,N,N,N,N,28-Dec,,
B,8,,N,N,N,N,28-Dec,,
B,7,,N,N,N,N,28-Dec,,
B,8,,N,N,N,N,28-Dec,,
B,6,,N,N,N,N,28-Dec,,
B,3,,N,N,N,N,28-Dec,,
A,6,316.90,N,N,N,N,28-Oct,6.1,5.3
A,3,311.60,N,N,N,N,26-Nov,6.4,6.3
A,7,310.70,N,N,N,N,1-Nov,4.9,5.1
A,5,309.80,N,N,N,N,1-Nov,4.6,4.6
A,7,305.50,N,N,N,N,3-Nov,4.8,5
A,1,281.00,N,N,N,N,8-Nov,4.3,4.2
A,1,263.10,N,N,N,N,3-Nov,4.2,3.9
A,7,259.70,N,N,N,N,28-Oct,5.2,4.9
A,4,257.60,N,N,N,N,4-Nov,4.1,3.8
A,7,256.60,N,N,N,N,28-Oct,5,4.6
A,8,246.80,N,N,N,N,1-Nov,6.8,6.9
A,4,244.70,N,N,N,N,4-Nov,4.3,4.3
A,1,241.50,N,N,N,N,8-Nov,3.9,3.5
A,1,241.40,N,N,N,N,7-Nov,4.8,4.5
A,1,239.60,N,N,N,N,8-Dec,,
A,3,234.50,N,N,N,N,1-Nov,5.8,6.1
A,1,232.30,N,N,Y,N,15-Dec,,
A,1,225.70,N,N,N,N,28-Dec,,
A,1,216.70,N,N,N,N,29-Nov,4.6,5.1
A,3,215.10,N,N,N,N,14-Nov,4.6,4
A,5,204.20,N,N,N,N,8-Dec,,
A,7,203.60,N,N,N,N,10-Nov,3.5,3
A,5,199.70,N,N,N,N,14-Nov,4.6,4.5
A,1,193.30,N,N,N,N,14-Nov,5.2,5.1
A,4,192.50,N,N,Y,N,29-Nov,4.5,4.4
A,1,192.10,N,N,N,N,25-Dec,,
A,7,190.70,N,N,N,N,29-Nov,4.4,4.5
A,3,190.40,N,N,N,N,1-Nov,6.4,6.2
A,3,185.80,N,N,Y,N,10-Nov,3.3,3.9
A,3,185.70,N,N,Y,N,29-Nov,,
A,3,184.70,N,N,N,N,25-Dec,,
A,4,184.40,N,N,N,N,3-Nov,5.2,5.4
A,2,184.10,N,N,N,N,7-Nov,6.3,6.7
A,1,183.90,N,N,N,N,10-Nov,4.5,4.6
A,2,182.80,N,N,N,N,10-Nov,6.6,6.1
A,7,182.20,N,N,N,N,11-Nov,5.2,5.3
A,3,182.10,N,N,N,N,15-Dec,,
A,7,181.60,N,N,N,N,3-Nov,5.3,4.3
A,3,180.60,N,N,N,N,1-Nov,6.1,6
A,7,180.00,N,N,N,N,28-Dec,,
A,5,174.90,N,N,N,N,15-Dec,,
A,1,174.30,N,N,N,N,7-Nov,5.2,4.8
A,2,174.10,N,N,N,N,14-Nov,4.6,5.6
A,4,173.70,N,N,N,N,3-Nov,5.7,5.3
A,3,172.00,N,N,N,N,25-Dec,,
A,5,171.70,N,N,N,N,5-Dec,,
A,4,171.50,N,N,Y,N,14-Nov,6.9,6.6
A,3,171.50,N,N,N,N,29-Nov,6,6.1
A,5,171.40,N,N,N,N,26-Nov,4.8,4.9
A,5,171.30,N,N,N,N,11-Nov,4.9,4.9
A,4,170.00,N,N,Y,N,26-Nov,4.7,4.8
A,1,169.20,N,N,N,N,15-Dec,,
A,3,167.70,N,N,N,N,15-Dec,,
A,3,166.20,N,N,N,N,29-Nov,5.4,5.5
A,3,164.00,N,N,N,N,8-Dec,,
A,4,163.60,N,N,N,N,1-Nov,6,5.9
A,3,163.00,N,N,N,N,29-Nov,5.5,5.5
A,3,161.90,N,N,N,N,25-Dec,,
A,7,161.80,N,N,N,N,15-Dec,,
A,3,159.60,N,N,N,N,7-Nov,5.3,5.6
A,4,157.30,N,N,N,N,11-Nov,6.5,6.4
A,3,154.30,N,N,N,N,14-Nov,6.3,6.2
A,5,154.20,N,N,N,N,5-Dec,,
A,1,151.70,N,N,N,N,28-Dec,,
A,4,151.50,N,N,N,N,10-Nov,5.4,
A,7,151.10,N,N,N,N,15-Dec,,
A,8,149.60,N,N,N,N,14-Nov,4.9,4.7
A,3,148.80,N,N,Y,N,10-Dec,,
A,7,148.10,N,N,N,N,29-Nov,3.7,4.1
A,7,147.90,N,N,N,N,29-Nov,6.8,6.8
A,3,147.20,N,N,N,N,8-Dec,,
A,7,147.10,N,N,N,N,8-Dec,,
A,1,146.80,N,N,N,N,28-Dec,,
A,5,145.60,N,N,N,Y,24-Oct,4.7,4.9
A,3,145.60,N,N,N,N,25-Dec,,
A,3,143.50,N,N,N,Y,7-Nov,5.1,5.5
A,4,142.30,N,N,N,N,4-Nov,4,4.4
A,1,141.90,N,N,N,N,25-Dec,,
A,3,141.00,N,N,N,N,28-Dec,,
A,7,140.90,N,N,N,N,25-Dec,,
A,8,140.50,Y,N,N,N,20-Oct,,
A,8,140.50,Y,Y,N,N,20-Oct,,
A,3,140.30,N,N,N,N,11-Nov,6.3,6.3
A,3,139.50,N,N,N,N,28-Dec,,
A,8,139.10,N,N,N,N,14-Nov,4.3,4
A,6,138.80,N,N,Y,N,10-Nov,5.4,6.3
A,7,138.20,N,N,N,N,5-Dec,,
A,7,138.20,N,N,N,N,8-Dec,,
A,3,137.10,N,N,N,N,29-Nov,5.9,6.9
A,5,137.00,N,N,N,N,18-Nov,3.7,4.1
A,3,135.00,N,N,N,N,25-Dec,,
A,1,134.80,N,N,N,N,11-Nov,5.3,4.3
A,2,134.70,N,N,N,N,14-Nov,7.2,6.7
A,7,133.30,N,N,N,N,26-Nov,4.7,4.3
A,3,131.90,N,N,N,N,4-Nov,5.9,5.4
A,7,131.20,N,N,N,N,30-Nov,4.9,4.8
A,4,130.30,N,N,N,N,14-Nov,6.5,6.2
A,3,129.60,N,N,N,N,15-Dec,,
A,2,129.60,N,N,N,N,25-Dec,,
A,5,128.80,N,N,N,N,26-Nov,4.9,4.7
A,3,128.80,N,N,N,N,28-Dec,,
A,3,127.90,N,N,N,N,30-Nov,6.1,5.6
A,6,126.00,N,N,N,N,10-Nov,5.5,6.6
A,2,125.60,N,N,N,N,14-Nov,6.9,6.7
A,7,125.50,N,N,N,N,8-Dec,,
A,5,125.20,N,N,N,N,5-Dec,,
A,2,125.00,N,N,N,N,14-Nov,5.2,5.7
A,5,125.00,N,N,Y,N,8-Dec,,
A,8,124.80,Y,N,N,N,24-Oct,,
A,3,124.00,N,N,N,N,8-Dec,,
A,2,123.50,N,N,N,N,25-Dec,,
A,5,121.40,N,N,N,N,15-Dec,,
A,3,120.90,N,N,N,N,15-Dec,,
A,4,119.40,N,N,N,N,14-Nov,6.7,6.9
A,5,118.80,N,N,Y,N,26-Nov,4.4,4.2
A,5,118.80,N,N,N,N,15-Dec,,
A,5,118.10,Y,N,N,Y,20-Oct,,
A,2,116.80,N,N,N,N,14-Nov,5.3,7.4
A,7,115.90,N,N,N,N,25-Dec,,
A,3,114.30,N,N,N,N,25-Dec,,
A,6,114.20,N,N,N,N,10-Nov,6.5,6.8
A,5,114.20,N,N,N,N,28-Dec,,
A,3,113.70,N,N,Y,N,5-Dec,,
A,8,113.60,N,N,N,N,28-Dec,,
A,6,112.50,N,N,N,N,14-Nov,7.9,8.5
A,1,112.50,N,N,N,N,5-Dec,,
A,3,112.30,N,N,Y,N,11-Nov,5.6,6.2
A,4,109.10,N,N,N,N,25-Dec,,
A,7,108.70,N,N,N,N,26-Nov,4.3,4.9
A,7,108.30,N,N,N,N,29-Nov,7.7,8
A,7,106.90,Y,N,Y,N,15-Dec,,
A,3,106.70,N,N,N,N,25-Dec,,
A,2,105.50,N,N,N,N,15-Dec,,
A,7,104.70,N,N,N,N,7-Nov,5.3,4.1
A,3,104.40,Y,N,N,N,15-Dec,,
A,6,104.30,N,N,N,N,14-Nov,7.7,6.8
A,4,101.60,Y,N,N,N,18-Nov,,
A,3,101.20,N,N,N,N,28-Dec,,
A,8,100.60,Y,N,N,N,20-Oct,,
A,5,100.50,N,N,N,N,25-Dec,,
A,3,100.10,N,N,N,N,28-Dec,,
A,4,99.20,N,N,Y,N,30-Nov,6.7,6.5
A,4,98.70,N,N,N,N,15-Dec,,
A,3,98.60,N,N,N,N,8-Dec,,
A,3,97.60,N,N,N,N,15-Dec,,
A,5,97.50,N,N,N,N,15-Dec,,
A,8,97.40,N,N,N,N,25-Dec,,
A,7,97.00,N,N,N,N,8-Dec,,
A,3,94.60,N,N,N,N,29-Nov,6.1,6.1
A,4,94.20,N,N,N,N,25-Dec,,
A,2,94.10,N,N,N,N,14-Nov,5.4,7.1
A,3,94.00,N,N,N,N,28-Dec,,
A,6,92.60,Y,N,N,N,20-Oct,,
A,8,90.30,Y,N,N,N,20-Oct,,
A,6,89.90,Y,N,N,N,24-Oct,,
A,2,89.90,N,N,N,N,30-Nov,7.5,7.2
A,8,87.40,Y,N,N,N,2-Dec,,
A,2,85.50,N,N,N,N,28-Dec,,
A,8,85.30,N,N,N,N,25-Dec,,
A,5,85.00,N,N,N,N,25-Dec,,
A,8,83.60,N,N,N,N,25-Dec,,
A,8,83.00,N,N,N,N,29-Nov,7.9,7.9
A,6,82.90,N,N,N,N,29-Nov,9,8.9
A,7,81.50,N,N,N,N,2-Dec,6.8,6.8
A,8,81.40,Y,N,N,N,2-Dec,,
A,2,81.00,Y,N,N,N,20-Oct,,
A,2,80.10,N,N,N,N,14-Nov,6.8,5.8
A,8,79.60,N,N,N,N,15-Dec,,
A,7,78.30,N,N,N,N,25-Dec,,
A,6,78.10,N,N,Y,N,15-Dec,,
A,8,77.60,Y,N,N,N,4-Nov,,
A,4,77.50,N,N,N,N,15-Dec,,
A,2,77.40,N,N,N,N,25-Dec,,
A,6,77.30,N,N,N,N,25-Dec,,
A,7,75.80,Y,N,N,N,2-Dec,,
A,6,75.80,N,N,N,N,25-Dec,,
A,6,75.70,N,N,N,N,28-Dec,,
A,5,75.40,N,N,N,N,3-Nov,5.5,5.9
A,6,74.70,N,N,N,N,29-Nov,9.4,9.1
A,8,73.70,N,N,N,N,25-Dec,,
A,4,73.60,N,N,N,N,25-Dec,,
A,6,73.10,Y,N,N,N,1-Nov,,
A,6,72.90,N,N,N,N,29-Nov,9,9.4
A,8,72.90,N,N,N,N,29-Nov,8.2,9.4
A,4,72.50,N,N,N,N,25-Dec,,
A,6,72.20,N,N,N,N,29-Nov,9.2,9.4
A,8,72.20,N,N,N,N,8-Dec,,
A,5,72.10,Y,N,N,N,10-Nov,,
A,4,71.60,N,N,N,N,14-Nov,4.9,6.9
A,2,71.30,N,N,N,N,25-Dec,,
A,2,70.50,N,N,N,N,8-Dec,,
A,4,69.80,Y,N,N,N,2-Dec,,
A,3,69.20,N,N,N,N,25-Dec,,
A,5,69.00,N,N,Y,N,25-Dec,,
A,5,69.00,N,N,N,N,25-Dec,,
A,4,68.00,Y,N,N,N,2-Dec,,
A,3,66.20,N,N,N,N,15-Dec,,
A,2,65.70,N,N,N,N,14-Nov,7.2,7.8
A,2,65.60,N,N,N,N,28-Dec,,
A,8,64.90,N,N,N,N,25-Dec,,
A,6,64.80,N,N,N,N,25-Dec,,
A,6,64.00,Y,N,N,N,18-Nov,,
A,6,63.80,N,N,N,N,29-Nov,8.7,9
A,8,63.50,Y,N,N,N,18-Nov,,
A,4,63.10,N,N,N,N,25-Dec,,
A,6,62.80,N,N,N,N,8-Dec,,
A,6,61.40,Y,N,N,N,14-Nov,,
A,8,60.70,Y,N,N,N,2-Dec,,
A,5,60.60,N,N,N,N,25-Dec,,
A,8,59.90,N,N,N,N,15-Dec,,
A,5,59.80,N,N,N,N,25-Dec,,
A,2,59.30,N,N,N,N,8-Dec,,
A,7,59.10,N,N,N,N,28-Dec,,
A,5,58.90,N,N,N,N,25-Dec,,
A,6,55.10,Y,N,N,N,10-Nov,,
A,6,54.60,N,N,N,N,28-Dec,,
A,4,54.20,N,N,N,N,25-Dec,,
A,2,53.70,N,N,N,N,25-Dec,,
A,2,53.40,Y,N,N,N,2-Dec,,
A,8,53.10,N,N,N,N,25-Dec,,
A,6,52.70,N,N,N,N,25-Dec,,
A,8,51.90,N,N,N,N,25-Dec,,
A,7,51.40,N,N,N,N,25-Dec,,
A,2,51.00,N,N,N,N,25-Dec,,
A,1,51.00,N,N,N,N,25-Dec,,
A,2,50.10,N,N,N,N,25-Dec,,
A,6,48.30,N,N,N,N,15-Dec,,
A,6,48.30,N,N,N,N,25-Dec,,
A,3,48.20,N,N,N,N,8-Dec,,
A,2,46.10,N,N,N,N,25-Dec,,
A,2,45.00,N,N,N,N,25-Dec,,
A,8,43.90,N,N,N,N,25-Dec,,
A,6,43.00,N,N,N,N,28-Dec,,
A,2,42.20,N,N,N,N,28-Dec,,
A,2,42.00,N,N,N,N,25-Dec,,
A,5,41.70,N,N,N,N,25-Dec,,
A,8,41.40,N,N,N,N,25-Dec,,
A,4,40.20,N,N,N,N,25-Dec,,
A,2,39.50,N,N,N,N,28-Dec,,
A,2,39.30,N,N,N,N,25-Dec,,
A,2,38.80,N,N,N,N,25-Dec,,
A,2,38.30,N,N,N,N,25-Dec,,
A,6,37.70,N,N,N,N,25-Dec,,
A,7,37.60,N,N,N,N,8-Dec,,
A,2,34.80,N,N,N,N,28-Dec,,
A,6,34.00,N,N,N,N,25-Dec,,
A,2,34.00,N,N,N,N,28-Dec,,
A,6,33.80,N,N,N,N,15-Dec,,
A,8,29.10,N,N,N,N,28-Dec,,
A,2,28.00,N,N,N,N,28-Dec,,
A,8,27.10,N,N,N,N,28-Dec,,
A,6,25.80,N,N,N,N,28-Dec,,
A,4,25.30,N,N,N,N,28-Dec,,
A,5,,Y,Y,N,N,24-Oct,,
A,6,,Y,Y,N,N,24-Oct,,
A,3,,N,N,N,N,3-Nov,,
A,6,,Y,N,N,N,10-Nov,,
A,2,,Y,N,N,N,10-Nov,,
A,8,,Y,N,N,N,10-Nov,,
A,6,,Y,N,N,N,26-Nov,,
A,8,,N,N,Y,N,10-Dec,,
A,2,,N,N,Y,N,25-Dec,,
A,7,,N,N,N,N,28-Dec,,
 C,1,257.79,N,N,N,N,3-Nov,5.3,5.7
